{"cameraMode":{"drawMode":0,"name":"Shaded","section":"Shading Mode"},"sceneLighting":true,"audioPlay":false,"sceneViewState":{"m_AlwaysRefresh":false,"showFog":true,"showSkybox":true,"showFlares":true,"showImageEffects":true,"showParticleSystems":true,"showVisualEffectGraphs":true,"m_FxEnabled":true},"in2DMode":false,"pivot":{"x":226.18601989746095,"y":181.77867126464845,"z":-189.5160369873047},"rotation":{"x":0.004491887520998716,"y":-0.0599634051322937,"z":0.00026983709540218115,"w":0.9981903433799744},"size":439.77325439453127,"orthographic":true}